cod_muni;muni;ano;AG001 ;ES001;IN015;IN016;IN055
3500105;Adamantina;2019;35068;34944;98.36;100;100
3500204;Adolfo;2019;3560;3562;100;100;99.94
3500303;Aguaí;2019;32599;31870;0.59;22.88;89.79
3500402;Águas da Prata;2019;7763;7347;95.09;99.46;94.9
3500501;Águas de Lindóia;2019;18537;18437;80;77.76;99.1
3500550;Águas de Santa Bárbara;2019;4547;3120;75.92;100;74.85
3500600;Águas de São Pedro;2019;3354;3191;94.59;100;97.19
3500709;Agudos;2019;37214;36736;90.15;100;100
3500758;Alambari;2019;4875;2900;65.13;100;80.91
3500808;Alfredo Marcondes;2019;4166;3843;92.53;100;100
3500907;Altair;2019;3412;3394;98.21;100;82.02
3501004;Altinópolis;2019;14140;14140;70.56;100;87.37
3501103;Alto Alegre;2019;3338;3224;100;100;81.43
3501152;Alumínio;2019;14061;11161;68.56;100;75.48
3501202;Álvares Florence;2019;2804;2804;80;100;76.22
3501301;Álvares Machado;2019;24915;24242;100;100;100
3501400;Álvaro de Carvalho;2019;3424;3359;100;100;65.51
3501509;Alvinlândia;2019;3006;2968;100;100;93.3
3501608;Americana;2019;238478;239597;93.63;57.1;99.53
3501707;Américo Brasiliense;2019;39562;39562;60.91;0;97.67
3501806;Américo de Campos;2019;5103;5103;82.83;100;85.49
3501905;Amparo;2019;56821;53980;81.65;58.28;78.7
3502002;Analândia;2019;3500;3500;100;100;70.07
3502101;Andradina;2019;57157;56374;97.11;100;100
3502200;Angatuba;2019;20771;16793;80.44;100;82.33
3502309;Anhembi;2019;5112;4865;100;100;76.03
3502408;Anhumas;2019;4093;3985;97.34;100;99.47
3502507;Aparecida;2019;35631;30999;46.75;0;98.55
3502606;Aparecida D Oeste;2019;3804;3679;95.75;100;90.66
3502705;Apiaí;2019;19609;12715;66.4;100;80.45
3502754;Araçariguama;2019;13693;8932;55.54;55.66;61.23
3502804;Araçatuba;2019;193216;191166;100;100;98.07
3502903;Araçoiaba da Serra;2019;33562;10566;33;100;98.29
3503000;Aramina;2019;;;;;
3503109;Arandu;2019;4677;4662;100;100;73.57
3503158;Arapeí;2019;2136;1787;85.24;100;86.51
3503208;Araraquara;2019;228942;229051;100;100;96.98
3503307;Araras;2019;133856;133856;92.43;0;99.72
3503356;Arco-Íris;2019;1201;1187;100;100;67.06
3503406;Arealva;2019;6006;5409;90.83;100;70.16
3503505;Areias;2019;2600;2600;25.78;0;66.91
3503604;Areiópolis;2019;10647;10630;95.26;100;95.67
3503703;Ariranha;2019;;;;;
3503802;Artur Nogueira;2019;48466;47102;67.4;33;89.08
3503901;Arujá;2019;89824;65594;50.32;100;100
3503950;Aspásia;2019;1691;1694;100;100;92.81
3504008;Assis;2019;104310;104386;99.25;100;99.93
3504107;Atibaia;2019;126036;102595;100;58.11;88.28
3504206;Auriflama;2019;14472;14278;98.03;100;95.28
3504305;Avaí;2019;3372;3288;97.28;100;62.41
3504404;Avanhandava;2019;11541;11541;80.83;100;84.56
3504503;Avaré;2019;90413;87426;98.83;100;99.73
3504602;Bady Bassitt;2019;16371;16176;80;100;93.54
3504701;Balbinos;2019;1845;1834;100;100;32.17
3504800;Bálsamo;2019;9068;9068;99.55;100;100
3504909;Bananal;2019;8512;8075;87.78;100;77.77
3505005;Barão de Antonina;2019;2685;2137;91.27;100;77.4
3505104;Barbosa;2019;7402;7402;97.01;96.58;100
3505203;Bariri;2019;35264;35264;77.85;100;100
3505302;Barra Bonita;2019;36126;36126;77.42;90;100
3505351;Barra do Chapéu;2019;2241;1290;68.33;100;39.15
3505401;Barra do Turvo;2019;3286;2679;91.55;100;42.9
3505500;Barretos;2019;122098;122098;87.18;100;100
3505609;Barrinha;2019;32448;32448;79.9;0;98.89
3505708;Barueri;2019;274182;245941;63.5;51.15;100
3505807;Bastos;2019;18795;18758;98.33;100;89.7
3505906;Batatais;2019;55279;55000;80;75.99;88.44
3506003;Bauru;2019;370329;365734;76.64;4.41;98.28
3506102;Bebedouro;2019;77496;77496;65.02;56.64;100
3506201;Bento de Abreu;2019;2793;2781;100;100;93.72
3506300;Bernardino de Campos;2019;10350;10238;100;100;92.84
3506359;Bertioga;2019;46341;31707;60.43;100;73.27
3506409;Bilac;2019;8034;7837;86.54;100;100
3506508;Birigui;2019;123638;123638;98.71;100;100
3506607;Biritiba-Mirim;2019;18049;15851;69.58;99.4;55.37
3506706;Boa Esperança do Sul;2019;;;;;
3506805;Bocaina;2019;12329;12294;99.09;100;100
3506904;Bofete;2019;6953;6276;92.46;100;59.28
3507001;Boituva;2019;52633;45416;73.54;100;86.29
3507100;Bom Jesus dos Perdões;2019;22408;22098;58.04;0;88.05
3507159;Bom Sucesso de Itararé;2019;2283;2180;95.2;100;57.74
3507209;Borá;2019;837;835;100;100;100
3507308;Boracéia;2019;4823;4823;100;100;100
3507407;Borborema;2019;14462;14462;79.75;100;90.13
3507456;Borebi;2019;;;;;
3507506;Botucatu;2019;146497;143653;92.13;100;100
3507605;Bragança Paulista;2019;162703;146849;70.49;100;96.46
3507704;Braúna;2019;4963;4863;82.72;100;87.28
3507753;Brejo Alegre;2019;2595;2191;85.14;100;90.58
3507803;Brodowski;2019;24792;24692;86.97;100;99.41
3507902;Brotas;2019;24403;23403;100;100;100
3508009;Buri;2019;17224;15922;96.24;100;86.65
3508108;Buritama;2019;17144;17144;82.21;100;100
3508207;Buritizal;2019;3684;3668;100;100;82.21
3508306;Cabrália Paulista;2019;3779;3779;87.29;100;88.63
3508405;Cabreúva;2019;37617;32744;71.27;100;75.68
3508504;Caçapava;2019;94263;89835;83.66;99.31;100
3508603;Cachoeira Paulista;2019;32183;29301;83.64;100;96.57
3508702;Caconde;2019;13207;13207;50.19;0;69.57
3508801;Cafelândia;2019;15434;15434;95.81;0;86.87
3508900;Caiabu;2019;3586;3225;92.86;100;85.56
3509007;Caieiras;2019;99132;78912;61.92;0;97.7
3509106;Caiuá;2019;5874;2670;100;0;100
3509205;Cajamar;2019;76801;71181;60.42;0;100
3509254;Cajati;2019;22965;18184;78.96;100;80.44
3509304;Cajobi;2019;10520;10520;100;0;99.79
3509403;Cajuru;2019;23980;23784;95.1;100;91.64
3509452;Campina do Monte Alegre;2019;5523;4524;90.72;100;91.68
3509502;Campinas;2019;1181105;1139736;79.76;89.25;98.09
3509601;Campo Limpo Paulista;2019;67154;53798;78.07;98.21;79.33
3509700;Campos do Jordão;2019;32106;27459;78.08;100;61.64
3509809;Campos Novos Paulista;2019;4932;4932;25.8;31.98;99.34
3509908;Cananéia;2019;10638;8704;81.55;100;84.83
3509957;Canas;2019;4802;4300;77.96;100;93.46
3510005;Cândido Mota;2019;29268;29200;94.2;100;93.57
3510104;Cândido Rodrigues;2019;2442;2417;100;100;87.43
3510153;Canitar;2019;;;;;
3510203;Capão Bonito;2019;43261;38776;90.46;100;91.78
3510302;Capela do Alto;2019;18006;13460;68.18;100;86.96
3510401;Capivari;2019;52700;50300;86.62;38.3;94.5
3510500;Caraguatatuba;2019;99064;83911;85.54;100;81.51
3510609;Carapicuíba;2019;400927;334097;56.72;51.56;100
3510708;Cardoso;2019;12326;11413;93.92;100;100
3510807;Casa Branca;2019;30380;30380;100;94.13;100
3510906;Cássia dos Coqueiros;2019;2144;2006;90.5;100;84.98
3511003;Castilho;2019;15593;15593;98.04;100;74.23
3511102;Catanduva;2019;119128;119128;98.01;80.83;97.76
3511201;Catiguá;2019;7798;7717;96.13;100;99.92
3511300;Cedral;2019;;;;;
3511409;Cerqueira César;2019;19975;18800;100;70.27;99.95
3511508;Cerquilho;2019;44644;43487;83.1;100;91.21
3511607;Cesário Lange;2019;15202;12198;77.78;100;83.77
3511706;Charqueada;2019;17190;13936;68.13;96.95;100
3557204;Chavantes;2019;11443;11002;92.49;100;92.15
3511904;Clementina;2019;8213;8213;99.04;100;95.31
3512001;Colina;2019;16223;16223;100;100;87.84
3512100;Colômbia;2019;5959;5799;96.8;100;95.96
3512209;Conchal;2019;27670;27350;89.22;91.82;98.65
3512308;Conchas;2019;12904;12234;89.51;100;72.11
3512407;Cordeirópolis;2019;24528;24528;95.48;0;100
3512506;Coroados;2019;5194;5091;95.21;100;85.74
3512605;Coronel Macedo;2019;3907;3618;100;100;83.47
3512704;Corumbataí;2019;4018;4018;88.46;100;99.09
3512803;Cosmópolis;2019;70000;67000;77.33;0;96.88
3512902;Cosmorama;2019;5009;5009;50;100;68.55
3513009;Cotia;2019;249210;132158;37.69;44.99;100
3513108;Cravinhos;2019;34413;34413;84.99;100;97.51
3513207;Cristais Paulista;2019;6208;6208;87.63;100;71.93
3513306;Cruzália;2019;1876;1839;100;100;90.5
3513405;Cruzeiro;2019;82238;80143;99.92;0.07;100
3513504;Cubatão;2019;111317;71162;50.89;100;85.17
3513603;Cunha;2019;11989;6282;44.99;47.87;55.64
3513702;Descalvado;2019;30432;30048;79.98;0;90.25
3513801;Diadema;2019;423884;399439;75.75;52.69;100
3513850;Dirce Reis;2019;1487;1443;100;100;82.93
3513900;Divinolândia;2019;8383;7435;84.11;89.91;75.21
3514007;Dobrada;2019;8730;8730;100;100;97.77
3514106;Dois Córregos;2019;25802;25781;99.83;100;94.46
3514205;Dolcinópolis;2019;2115;2092;100;100;100
3514304;Dourado;2019;8763;8592;99.04;100;98.76
3514403;Dracena;2019;46793;43210;96;100;100
3514502;Duartina;2019;12445;12382;100;100;100
3514601;Dumont;2019;;;;;
3514700;Echaporã;2019;6088;5956;98.74;100;99.77
3514809;Eldorado;2019;7491;6892;90.14;100;48.35
3514908;Elias Fausto;2019;15635;15188;99.61;100;87.98
3514924;Elisiário;2019;3344;3344;91.92;100;91.59
3514957;Embaúba;2019;2452;2452;51.63;80.02;100
3515004;Embu das Artes;2019;273726;203725;55.41;55;100
3515103;Embu-Guaçu;2019;58442;26793;37.97;100;84.23
3515129;Emilianópolis;2019;2936;2931;97.8;100;91.35
3515152;Engenheiro Coelho;2019;15193;15193;97.63;100;73.14
3515186;Espírito Santo do Pinhal;2019;39074;38880;94.46;100;88.14
3515194;Espírito Santo do Turvo;2019;4156;4156;97.72;100;86.06
3557303;Estiva Gerbi;2019;11304;11304;94.46;0;100
3515202;Estrela D Oeste;2019;8061;7778;95.36;100;95.75
3515301;Estrela do Norte;2019;2618;2596;100;100;94.65
3515350;Euclides da Cunha Paulista;2019;6259;5531;96.17;100;66.79
3515400;Fartura;2019;14323;14018;92.84;100;89.32
3515509;Fernandópolis;2019;69116;68910;96.39;100;100
3515608;Fernando Prestes;2019;5783;5736;94.78;100;100
3515657;Fernão;2019;1063;1060;100;100;61.95
3515707;Ferraz de Vasconcelos;2019;188055;161471;68.18;56;96.8
3515806;Flora Rica;2019;1370;1340;100;100;93.58
3515905;Floreal;2019;2707;2695;100;100;92.8
3516002;Flórida Paulista;2019;10471;10379;100;100;71.52
3516101;Florínia;2019;2391;2336;98.39;100;89.35
3516200;Franca;2019;353187;351847;98.81;100;100
3516309;Francisco Morato;2019;170429;82687;36.62;0;96.92
3516408;Franco da Rocha;2019;151249;103127;53.42;0;97.9
3516507;Gabriel Monteiro;2019;2751;2735;99.83;100;99.1
3516606;Gália;2019;5351;5257;100;100;81.72
3516705;Garça;2019;40351;40351;70.31;100;90.9
3516804;Gastão Vidigal;2019;4102;4073;100;100;85.32
3516853;Gavião Peixoto;2019;4789;3874;76.63;100;100
3516903;General Salgado;2019;10869;10690;99.93;100;100
3517000;Getulina;2019;8800;8654;100;92.86;77.13
3517109;Glicério;2019;3196;3148;100;100;66.38
3517208;Guaiçara;2019;12168;12168;97.39;100;100
3517307;Guaimbê;2019;5737;5737;86.2;100;99.51
3517406;Guaíra;2019;40790;40790;79.7;100;100
3517505;Guapiaçu;2019;21454;21454;87.78;100;100
3517604;Guapiara;2019;10451;5855;58.83;92.95;60.91
3517703;Guará;2019;21220;21220;84.9;100;100
3517802;Guaraçaí;2019;6566;6566;87.96;100;78.89
3517901;Guaraci;2019;9976;9976;83.82;100;89.17
3518008;Guarani D Oeste;2019;2000;1940;100;100;100
3518107;Guarantã;2019;6664;6664;100;96.67;100
3518206;Guararapes;2019;32774;32774;90.17;100;99.5
3518305;Guararema;2019;21726;14907;62.67;100;72.91
3518404;Guaratinguetá;2019;120417;113192;80;24.62;98.87
3518503;Guareí;2019;11567;7632;64.29;100;62.46
3518602;Guariba;2019;39473;40105;100;100;98.42
3518701;Guarujá;2019;262690;222108;69.13;100;81.97
3518800;Guarulhos;2019;1326819;1185702;69.38;100;96.2
3518859;Guatapará;2019;7656;5623;70.51;14.48;100
3518909;Guzolândia;2019;4629;4584;100;100;87.89
3519006;Herculândia;2019;8677;8469;39.26;100;91.09
3519055;Holambra;2019;14184;13437;98.08;100;95
3519071;Hortolândia;2019;230851;230851;89.56;100;100
3519105;Iacanga;2019;10073;9428;80;100;86.02
3519204;Iacri;2019;5756;5659;100;100;91.06
3519253;Iaras;2019;3073;2642;89.58;100;33.26
3519303;Ibaté;2019;33704;33704;96.94;100;96.01
3519402;Ibirá;2019;11181;11035;96.7;100;90.22
3519501;Ibirarema;2019;7162;7162;84.81;100;92.38
3519600;Ibitinga;2019;;;;;
3519709;Ibiúna;2019;37752;15157;36.56;100;47.86
3519808;Icém;2019;7575;7281;91.15;100;91.9
3519907;Iepê;2019;7215;6525;48.73;100;88.43
3520004;Igaraçu do Tietê;2019;24160;24160;96.92;100;97.92
3520103;Igarapava;2019;29173;28847;93.68;100;95.86
3520202;Igaratá;2019;5438;2466;44.31;100;57.04
3520301;Iguape;2019;20054;14276;76.35;100;64.99
3520400;Ilhabela;2019;24144;13401;53.14;100;69.04
3520426;Ilha Comprida;2019;9801;4804;58.59;100;87.78
3520442;Ilha Solteira;2019;26686;25042;92.85;100;100
3520509;Indaiatuba;2019;244022;240316;85;68.77;96.98
3520608;Indiana;2019;4178;4178;47.22;100;85.53
3520707;Indiaporã;2019;3361;3034;97.85;100;86.25
3520806;Inúbia Paulista;2019;3570;3561;99.76;100;89.45
3520905;Ipaussu;2019;13650;13650;99.91;90.91;91.18
3521002;Iperó;2019;25030;18646;77.54;100;67.41
3521101;Ipeúna;2019;6495;6036;70.24;100;86.07
3521150;Ipiguá;2019;3258;3258;80.02;0;60.42
3521200;Iporanga;2019;2263;2066;100;100;53.65
3521309;Ipuã;2019;16209;16209;58.2;100;98.78
3521408;Iracemápolis;2019;24235;24235;100;90;100
3521507;Irapuã;2019;7046;7049;99.65;100;88.15
3521606;Irapuru;2019;5810;5810;76.44;79.94;70.05
3521705;Itaberá;2019;13871;12277;87;100;79.01
3521804;Itaí;2019;18265;18005;97.75;100;67.34
3521903;Itajobi;2019;12715;12715;80;100;83.31
3522000;Itaju;2019;2600;3064;83.33;100;67.8
3522109;Itanhaém;2019;96199;45969;54.73;100;94.48
3522158;Itaóca;2019;2344;1014;54.08;100;70.43
3522208;Itapecerica da Serra;2019;169892;82183;37.25;98;96.7
3522307;Itapetininga;2019;157484;147684;91.67;100;96.08
3522406;Itapeva;2019;87716;77250;87.16;97.59;92.96
3522505;Itapevi;2019;225845;157956;52.37;54.95;95.01
3522604;Itapira;2019;74175;74175;100;100;99.2
3522653;Itapirapuã Paulista;2019;2508;1552;68.11;100;59.14
3522703;Itápolis;2019;43050;43050;92.39;100;99.84
3522802;Itaporanga;2019;12762;10715;90.87;100;84.24
3522901;Itapuí;2019;13500;13134;87.28;0;96.48
3523008;Itapura;2019;3900;3400;78.12;100;79.49
3523107;Itaquaquecetuba;2019;370821;260736;53.46;16.4;100
3523206;Itararé;2019;45828;41819;91.66;100;90.74
3523305;Itariri;2019;6661;4807;69.79;100;38.2
3523404;Itatiba;2019;107096;100816;87.36;100;88.61
3523503;Itatinga;2019;17335;17204;98.03;100;83.76
3523602;Itirapina;2019;14396;15717;100;100;79.29
3523701;Itirapuã;2019;5690;5619;95.19;100;87.55
3523800;Itobi;2019;7249;7014;93.05;100;92.45
3523909;Itu;2019;173939;161763;92.31;100;100
3524006;Itupeva;2019;49541;43334;71.81;100;80.88
3524105;Ituverava;2019;41824;41824;100;100;100
3524204;Jaborandi;2019;5699;6045;100;100;82.25
3524303;Jaboticabal;2019;75041;75041;100;77.77;97.12
3524402;Jacareí;2019;232168;231084;78.27;78.15;99.36
3524501;Jaci;2019;6085;6085;100;100;86.1
3524600;Jacupiranga;2019;11810;10506;91.9;95.76;66.1
3524709;Jaguariúna;2019;55830;54722;98.55;84.06;97.12
3524808;Jales;2019;49107;48943;100;100;100
3524907;Jambeiro;2019;4784;3223;61.19;100;72.46
3525003;Jandira;2019;124937;98223;57.84;45.58;100
3525102;Jardinópolis;2019;44380;44380;78.64;0;100
3525201;Jarinu;2019;20182;6854;36.03;100;67.17
3525300;Jaú;2019;145577;145577;100;99.6;96.89
3525409;Jeriquara;2019;3159;3135;100;100;100
3525508;Joanópolis;2019;9250;8451;70.44;99.13;69.97
3525607;João Ramalho;2019;3838;3838;80;100;84.86
3525706;José Bonifácio;2019;33209;32910;83.29;100;89.72
3525805;Júlio Mesquita;2019;;;;;
3525854;Jumirim;2019;3237;1900;62.5;100;96.14
3525904;Jundiaí;2019;415057;411553;100;100;99.07
3526001;Junqueirópolis;2019;17005;17005;55.15;100;82.23
3526100;Juquiá;2019;13111;9771;76.17;97.67;69.69
3526209;Juquitiba;2019;14324;4578;34.85;100;45.55
3526308;Lagoinha;2019;3180;3136;100;100;64.95
3526407;Laranjal Paulista;2019;25768;24712;93.29;100;90.36
3526506;Lavínia;2019;5750;5590;94.68;100;48
3526605;Lavrinhas;2019;7033;4723;63.25;100;96.87
3526704;Leme;2019;101257;101257;98.32;100;97.94
3526803;Lençóis Paulista;2019;66898;66898;90.24;99.25;97.76
3526902;Limeira;2019;296979;296979;81.98;100;97.02
3527009;Lindóia;2019;7878;5349;74.7;0;98.72
3527108;Lins;2019;78013;77837;90.83;100;100
3527207;Lorena;2019;88706;88080;92.67;100;100
3527256;Lourdes;2019;1984;1952;100;100;86.68
3527306;Louveira;2019;48275;41531;80;100;98.75
3527405;Lucélia;2019;19590;19291;100;100;90.08
3527504;Lucianópolis;2019;2058;1910;92.44;100;85.96
3527603;Luís Antônio;2019;12900;12900;74.62;100;86.3
3527702;Luiziânia;2019;4937;4925;100;100;85.27
3527801;Lupércio;2019;4159;4135;100;100;90.73
3527900;Lutécia;2019;2465;2423;100;100;93.05
3528007;Macatuba;2019;16603;16603;78.87;100;96.74
3528106;Macaubal;2019;7177;7147;79.91;0;88.39
3528205;Macedônia;2019;2961;2938;100;100;80.07
3528304;Magda;2019;2961;2888;100;100;94.93
3528403;Mairinque;2019;47150;38587;73.21;0;100
3528502;Mairiporã;2019;57651;24997;32.83;71.97;57.55
3528601;Manduri;2019;8459;8459;71.57;100;85.91
3528700;Marabá Paulista;2019;2142;2124;100;100;36.6
3528809;Maracaí;2019;12940;12799;100;100;92.42
3528858;Marapoama;2019;2917;2436;100;0;96.24
3528908;Mariápolis;2019;3476;3357;100;100;85.11
3529005;Marília;2019;238882;238882;88.42;12.76;100
3529104;Marinópolis;2019;1741;1727;98.74;100;82.43
3529203;Martinópolis;2019;26461;26461;80.4;100;100
3529302;Matão;2019;82702;82702;100;100;99.44
3529401;Mauá;2019;463453;439076;92.54;85.68;98
3529500;Mendonça;2019;5490;4488;77.71;100;100
3529609;Meridiano;2019;3836;3734;100;100;100
3529658;Mesópolis;2019;1802;1710;95.82;100;94.44
3529708;Miguelópolis;2019;18640;18899;99.41;100;83.87
3529807;Mineiros do Tietê;2019;12331;12331;82.49;100;95.53
3529906;Miracatu;2019;11594;9863;86.93;100;58.62
3530003;Mira Estrela;2019;1936;1924;100;100;62.73
3530102;Mirandópolis;2019;29564;25500;71.37;86.21;100
3530201;Mirante do Paranapanema;2019;10795;8151;87.42;100;59.12
3530300;Mirassol;2019;58328;58313;100;75;97.5
3530409;Mirassolândia;2019;4822;2750;75.76;100;98.99
3530508;Mococa;2019;68885;68309;92.47;100;100
3530607;Mogi das Cruzes;2019;439154;417197;77.17;66.16;98.5
3530706;Mogi Guaçu;2019;144196;139870;77.53;75;94.94
3530805;Mogi Mirim;2019;87169;86297;90.87;90.87;93.54
3530904;Mombuca;2019;3493;3243;85.73;100;100
3531001;Monções;2019;2259;2223;99.17;100;100
3531100;Mongaguá;2019;51405;42813;87.49;100;90.66
3531209;Monte Alegre do Sul;2019;7700;3788;35.2;0;95.79
3531308;Monte Alto;2019;50498;50164;100;100;100
3531407;Monte Aprazível;2019;22887;22132;95.05;100;91.23
3531506;Monte Azul Paulista;2019;18711;18551;85;35;98.44
3531605;Monte Castelo;2019;;;;;
3531704;Monteiro Lobato;2019;2318;1840;87.17;100;49.82
3531803;Monte Mor;2019;59772;53799;72.63;100;100
3531902;Morro Agudo;2019;32641;32641;80.32;100;99.01
3532009;Morungaba;2019;12226;11817;91.54;100;89.75
3532058;Motuca;2019;4758;4758;74.65;69.51;100
3532108;Murutinga do Sul;2019;2757;2600;65;100;61.46
3532157;Nantes;2019;3141;3141;98.57;100;100
3532207;Narandiba;2019;4857;4833;99.95;100;100
3532306;Natividade da Serra;2019;2853;2853;71.43;10;42.83
3532405;Nazaré Paulista;2019;7309;2254;23.61;99.84;39.46
3532504;Neves Paulista;2019;8064;7500;43.96;100;90.3
3532603;Nhandeara;2019;9953;9807;97.19;100;86.71
3532702;Nipoã;2019;4525;4338;97.91;100;86.8
3532801;Nova Aliança;2019;6973;6973;79.85;75.08;100
3532827;Nova Campina;2019;5332;5266;100;100;54.66
3532843;Nova Canaã Paulista;2019;1656;1629;100;100;88.04
3532868;Nova Castilho;2019;;;;;
3532900;Nova Europa;2019;10214;10214;79.92;100;91.31
3533007;Nova Granada;2019;20144;19958;98.5;100;93.69
3533106;Nova Guataporanga;2019;2211;2198;100;100;95.47
3533205;Nova Independência;2019;3900;3900;94;100;98.26
3533254;Novais;2019;5308;5308;86.67;69.23;91.05
3533304;Nova Luzitânia;2019;3158;3133;96.16;100;77.01
3533403;Nova Odessa;2019;59572;59572;100;100;99
3533502;Novo Horizonte;2019;39393;39130;91.19;100;95.96
3533601;Nuporanga;2019;7355;7351;99.12;100;98.96
3533700;Ocauçu;2019;3423;3423;80.32;100;79.81
3533809;Óleo;2019;2257;1934;96.17;100;90.42
3533908;Olímpia;2019;51728;51728;73.51;30;94.44
3534005;Onda Verde;2019;4381;4334;90.36;100;100
3534104;Oriente;2019;6217;6185;100;100;95.43
3534203;Orindiúva;2019;6088;6079;88.43;100;86.16
3534302;Orlândia;2019;43759;43326;100;0;99.39
3534401;Osasco;2019;698418;687952;60.48;55.77;100
3534500;Oscar Bressane;2019;2280;2248;100;100;87.59
3534609;Osvaldo Cruz;2019;31669;31450;100;100;96.32
3534708;Ourinhos;2019;110610;109560;77.89;84.25;97.42
3534757;Ouroeste;2019;10361;10252;100;100;100
3534807;Ouro Verde;2019;7877;7877;71.94;100;92
3534906;Pacaembu;2019;;;;;
3535002;Palestina;2019;10540;10013;87.08;93.7;81.35
3535101;Palmares Paulista;2019;11102;11004;99.65;100;83.63
3535200;Palmeira D Oeste;2019;8591;8166;99.51;100;92.55
3535309;Palmital;2019;20327;20327;73.47;100;91.48
3535408;Panorama;2019;15107;14860;53.49;100;95.75
3535507;Paraguaçu Paulista;2019;43014;42697;100;100;94.12
3535606;Paraibuna;2019;13389;7816;72.65;0;73.48
3535705;Paraíso;2019;;;;;
3535804;Paranapanema;2019;14624;12547;86.21;100;72.41
3535903;Paranapuã;2019;4078;4048;100;100;100
3536000;Parapuã;2019;10284;10170;100;100;93.8
3536109;Pardinho;2019;4908;4093;85.14;100;76.27
3536208;Pariquera-Açu;2019;14579;12608;91.79;100;74.2
3536257;Parisi;2019;1747;1747;80;100;80.84
3536307;Patrocínio Paulista;2019;14670;14670;90.53;100;100
3536406;Paulicéia;2019;7274;3628;41.36;52.59;98.75
3536505;Paulínia;2019;109424;109323;81.37;100;100
3536570;Paulistânia;2019;1504;1495;98.42;100;82.05
3536604;Paulo de Faria;2019;7932;7825;90.34;100;88.68
3536703;Pederneiras;2019;46546;45162;94.75;100;99.7
3536802;Pedra Bela;2019;1634;1305;62.93;0;26.82
3536901;Pedranópolis;2019;1958;1702;94.85;100;78.51
3537008;Pedregulho;2019;13166;12733;93.49;100;78.63
3537107;Pedreira;2019;47042;46804;61.01;78.18;98.17
3537156;Pedrinhas Paulista;2019;2801;2768;100;100;90.56
3537206;Pedro de Toledo;2019;6856;4121;63.29;100;60.51
3537305;Penápolis;2019;60559;60559;80;100;95.51
3537404;Pereira Barreto;2019;23893;23893;100;97.88;93.08
3537503;Pereiras;2019;6844;6231;100;100;78.96
3537602;Peruíbe;2019;66689;52548;89.73;100;97.66
3537701;Piacatu;2019;5705;5640;98.69;100;95.4
3537800;Piedade;2019;31069;19110;62.53;98.79;56.13
3537909;Pilar do Sul;2019;26308;18339;72.26;100;90.14
3538006;Pindamonhangaba;2019;168328;166569;93.3;100;100
3538105;Pindorama;2019;16138;16138;96.83;100;94.66
3538204;Pinhalzinho;2019;8675;7059;63.57;99.62;57.05
3538303;Piquerobi;2019;2920;2829;100;100;79.09
3538501;Piquete;2019;12791;10720;85.92;0;93.66
3538600;Piracaia;2019;18620;13882;57.81;99.45;68.2
3538709;Piracicaba;2019;404142;404142;100;100;100
3538808;Piraju;2019;29141;28610;100;95.86;97.77
3538907;Pirajuí;2019;25492;22076;91.56;34.1;100
3539004;Pirangi;2019;11417;11417;96.67;100;100
3539103;Pirapora do Bom Jesus;2019;15598;9893;48.99;35.69;82.55
3539202;Pirapozinho;2019;26743;25501;96.29;100;97.15
3539301;Pirassununga;2019;70014;70014;82.5;97.81;91.63
3539400;Piratininga;2019;12281;11183;89.83;100;90.06
3539509;Pitangueiras;2019;38889;38889;95.97;0;97.91
3539608;Planalto;2019;4349;4330;97.86;100;83.04
3539707;Platina;2019;2624;2618;100;100;73.92
3539806;Poá;2019;117452;117393;87.62;86.18;100
3539905;Poloni;2019;5696;5699;99.55;100;94.01
3540002;Pompéia;2019;20481;19842;79.96;100;93.04
3540101;Pongaí;2019;3363;3371;100;100;98.45
3540200;Pontal;2019;49961;49961;86.76;100;100
3540259;Pontalinda;2019;3850;3816;100;100;83.19
3540309;Pontes Gestal;2019;2577;2553;95.83;100;100
3540408;Populina;2019;4169;4106;100;100;100
3540507;Porangaba;2019;7642;3497;42.73;100;77
3540606;Porto Feliz;2019;53063;53063;99.92;90.64;99.93
3540705;Porto Ferreira;2019;55143;53159;70.92;82.12;98.21
3540754;Potim;2019;19397;19397;78.57;0;78.71
3540804;Potirendaba;2019;17003;17003;100;89.41;97.94
3540853;Pracinha;2019;1957;3825;100;100;47.81
3540903;Pradópolis;2019;21496;19996;100;100;100
3541000;Praia Grande;2019;296560;237334;69.12;100;91.23
3541059;Pratânia;2019;4924;4899;95.05;100;93.59
3541109;Presidente Alves;2019;3920;3844;100;100;95.75
3541208;Presidente Bernardes;2019;11452;10492;92.03;100;87.38
3541307;Presidente Epitácio;2019;42197;37408;96.18;100;95.47
3541406;Presidente Prudente;2019;228743;227848;100;100;100
3541505;Presidente Venceslau;2019;39516;38643;64.98;39.99;100
3541604;Promissão;2019;35970;33970;96.54;98.23;88.96
3541653;Quadra;2019;1288;709;62.77;100;33.86
3541703;Quatá;2019;13129;13062;100;100;93.05
3541802;Queiroz;2019;3357;3346;100;100;98.56
3541901;Queluz;2019;10117;7771;66.28;68.95;75.39
3542008;Quintana;2019;6638;6538;98.63;100;100
3542107;Rafard;2019;9076;9050;90.49;100;100
3542206;Rancharia;2019;29707;29707;100;100;100
3542305;Redenção da Serra;2019;1802;1488;89.29;100;46.79
3542404;Regente Feijó;2019;20261;20079;100;100;100
3542503;Reginópolis;2019;8844;3817;94.76;94.59;91.92
3542602;Registro;2019;55148;50029;91.64;100;97.92
3542701;Restinga;2019;7028;6813;97.41;100;92.56
3542800;Ribeira;2019;2333;801;40.86;100;69.85
3542909;Ribeirão Bonito;2019;13137;13137;98.65;0;99.38
3543006;Ribeirão Branco;2019;12819;8679;91.1;93.89;77.96
3543105;Ribeirão Corrente;2019;3738;3716;99.08;100;79.23
3543238;Ribeirão dos Índios;2019;2016;1987;100;100;90.61
3543204;Ribeirão do Sul;2019;3548;3475;100;100;78.13
3543253;Ribeirão Grande;2019;7138;3252;53.63;100;93.03
3543303;Ribeirão Pires;2019;111475;91122;65.47;70;90.34
3543402;Ribeirão Preto;2019;701497;700410;100;100;99.74
3543600;Rifaina;2019;3194;3050;94.71;100;88.01
3543709;Rincão;2019;9021;8965;100;0;83.54
3543808;Rinópolis;2019;7902;7786;54.97;100;79.17
3543907;Rio Claro;2019;206424;202296;100;92;100
3544004;Rio das Pedras;2019;33123;33123;100;0;94.02
3544103;Rio Grande da Serra;2019;42932;26301;55.87;85;84.44
3544202;Riolândia;2019;9224;9150;92.57;100;73.69
3543501;Riversul;2019;4615;4121;100;100;83.54
3544251;Rosana;2019;15235;15053;99.94;100;91.54
3544301;Roseira;2019;10077;9831;93.95;100;94.07
3544400;Rubiácea;2019;2864;2822;100;100;91.56
3544509;Rubinéia;2019;3148;2655;84.59;100;100
3544608;Sabino;2019;5590;5590;87.4;100;100
3544707;Sagres;2019;2160;2057;100;100;88.82
3544806;Sales;2019;5699;6331;99.99;100;90.02
3544905;Sales Oliveira;2019;11800;10650;89.47;100;99.24
3545001;Salesópolis;2019;10721;9224;68.35;97.3;62.55
3545100;Salmourão;2019;4626;4598;100;100;87.28
3545159;Saltinho;2019;7491;7413;100;100;90.41
3545209;Salto;2019;118663;117002;91.89;93.03;100
3545308;Salto de Pirapora;2019;45422;35190;64.04;100;100
3545407;Salto Grande;2019;9331;6368;50;100;100
3545506;Sandovalina;2019;3040;3016;100;100;70.66
3545605;Santa Adélia;2019;15205;15205;75.64;91.09;98.22
3545704;Santa Albertina;2019;6008;5941;100;100;100
3545803;Santa Bárbara D Oeste;2019;193475;193475;89.3;78.58;100
3546009;Santa Branca;2019;9530;8431;95.84;4.8;64.44
3546108;Santa Clara D Oeste;2019;2115;2102;100;100;100
3546207;Santa Cruz da Conceição;2019;3150;2750;57.97;100;69.95
3546256;Santa Cruz da Esperança;2019;1853;1814;95.72;100;86.63
3546306;Santa Cruz das Palmeiras;2019;33291;33291;100;0;96.89
3546405;Santa Cruz do Rio Pardo;2019;47673;47064;91.25;100;100
3546504;Santa Ernestina;2019;5599;5554;99.67;100;100
3546603;Santa Fé do Sul;2019;32150;32100;99.65;86.12;99.47
3546702;Santa Gertrudes;2019;26898;26898;75.05;100;100
3546801;Santa Isabel;2019;37892;25707;66.74;7.74;66.03
3546900;Santa Lúcia;2019;8201;8201;98.77;100;93.01
3547007;Santa Maria da Serra;2019;4951;4772;47.02;100;80.2
3547106;Santa Mercedes;2019;2939;2562;95.41;100;100
3547205;Santana da Ponte Pensa;2019;1356;1334;100;100;91.19
3547304;Santana de Parnaíba;2019;139447;66819;33.54;26.06;100
3547403;Santa Rita D Oeste;2019;1821;1773;90.48;100;72.9
3547502;Santa Rita do Passa Quatro;2019;27557;26524;75.28;71.16;100
3547601;Santa Rosa de Viterbo;2019;25803;25385;97.89;100;97.22
3547650;Santa Salete;2019;1357;1320;100;100;87.83
3547700;Santo Anastácio;2019;19450;19282;100;100;93.16
3547809;Santo André;2019;718773;718773;78.86;46;100
3547908;Santo Antônio da Alegria;2019;6880;6880;86.05;95.68;99.29
3548005;Santo Antônio de Posse;2019;21260;21260;100;80;91.21
3548054;Santo Antônio do Aracanguá;2019;6563;6563;83.45;100;77.95
3548104;Santo Antônio do Jardim;2019;3704;3585;96.12;100;62.21
3548203;Santo Antônio do Pinhal;2019;3842;2180;56.55;100;56.41
3548302;Santo Expedito;2019;2876;2625;86.77;100;92.45
3548401;Santópolis do Aguapeí;2019;4239;4236;100;100;88.74
3548500;Santos;2019;433311;432987;97.63;100;100
3548609;São Bento do Sapucaí;2019;7962;5444;71.91;80.44;73.19
3548708;São Bernardo do Campo;2019;838936;830804;72.96;27.66;100
3548807;São Caetano do Sul;2019;161127;161127;85;100;100
3548906;São Carlos;2019;241891;241891;85.96;95;95.99
3549003;São Francisco;2019;2564;2506;100;100;90.89
3549102;São João da Boa Vista;2019;91211;90212;95.37;100;100
3549201;São João das Duas Pontes;2019;2559;2509;100;100;99.65
3549250;São João de Iracema;2019;;;;;
3549300;São João do Pau d Alho;2019;1707;1707;100;75;81.09
3549409;São Joaquim da Barra;2019;51447;51447;80;0;99.15
3549508;São José da Bela Vista;2019;8928;8928;79.12;100;100
3549607;São José do Barreiro;2019;3800;3386;100;0;91.63
3549706;São José do Rio Pardo;2019;52000;50362;76.92;14;94.64
3549805;São José do Rio Preto;2019;442377;430658;93.99;100;96.03
3549904;São José dos Campos;2019;721944;717478;94.3;100;100
3549953;São Lourenço da Serra;2019;7762;4674;58.71;100;49.05
3550001;São Luís do Paraitinga;2019;6222;5701;87.48;100;58.22
3550100;São Manuel;2019;40954;40327;94.35;100;100
3550209;São Miguel Arcanjo;2019;24055;18885;82.76;100;73.05
3550308;São Paulo;2019;12166259;11798698;74.41;92.2;99.3
3550407;São Pedro;2019;35653;35653;74.07;0;100
3550506;São Pedro do Turvo;2019;7400;5400;84.3;90.2;96.53
3550605;São Roque;2019;61658;42019;70.29;93.38;67.74
3550704;São Sebastião;2019;65191;51600;75.82;100;73.26
3550803;São Sebastião da Grama;2019;12182;12182;96.51;100;100
3550902;São Simão;2019;13628;13628;27.2;0;88.94
3551009;São Vicente;2019;332571;283245;70.36;100;90.92
3551108;Sarapuí;2019;8777;4913;61.75;86.82;85.34
3551207;Sarutaiá;2019;3515;3192;91.45;100;96.62
3551306;Sebastianópolis do Sul;2019;2949;2941;100;100;83.95
3551405;Serra Azul;2019;8524;8273;89.53;100;58.14
3551504;Serrana;2019;44555;44555;99.22;0;98.78
3551603;Serra Negra;2019;22952;19218;80.85;100;78.52
3551702;Sertãozinho;2019;125315;125315;80;100;99.6
3551801;Sete Barras;2019;9059;7220;73.13;100;70.6
3551900;Severínia;2019;17496;17496;95.6;97.73;100
3552007;Silveiras;2019;4036;3390;90.59;100;64.04
3552106;Socorro;2019;24807;22546;71.5;99.4;60.5
3552205;Sorocaba;2019;669102;667286;84.76;97.5;98.49
3552304;Sud Mennucci;2019;7351;7300;100;100;95.24
3552403;Sumaré;2019;279116;279116;78.06;27.39;98.82
3552551;Suzanápolis;2019;2645;2530;55.87;100;66.74
3552502;Suzano;2019;297637;292903;77.6;70;100
3552601;Tabapuã;2019;12407;12407;89.29;100;100
3552700;Tabatinga;2019;15100;15100;80.35;99.32;91.54
3552809;Taboão da Serra;2019;289664;276919;70.33;54.21;100
3552908;Taciba;2019;6106;6089;100;100;97.15
3553005;Taguaí;2019;12094;11793;97.73;100;87.26
3553104;Taiaçu;2019;6295;6295;89.87;100;100
3553203;Taiúva;2019;5566;5566;99.32;100;100
3553302;Tambaú;2019;23207;23207;97.61;100;100
3553401;Tanabi;2019;23339;23339;100;0;89.88
3553500;Tapiraí;2019;5339;4823;93.41;100;68.39
3553609;Tapiratiba;2019;10688;10688;72.66;81.89;82.47
3553658;Taquaral;2019;2810;2810;99.32;100;99.96
3553708;Taquaritinga;2019;54190;54190;78.3;100;94.78
3553807;Taquarituba;2019;22450;22036;99.99;100;96.69
3553856;Taquarivaí;2019;5111;2787;61.03;100;87.34
3553906;Tarabai;2019;6493;6421;100;100;86.94
3553955;Tarumã;2019;15000;14990;98.4;100;100
3554003;Tatuí;2019;121766;114561;85.89;92.82;100
3554102;Taubaté;2019;314924;314040;95.85;100;100
3554201;Tejupá;2019;;;;;
3554300;Teodoro Sampaio;2019;20959;20771;96.91;100;90.54
3554409;Terra Roxa;2019;7817;8244;100;100;83.43
3554508;Tietê;2019;37839;35190;94.88;60;89.93
3554607;Timburi;2019;1874;1805;100;100;70.5
3554656;Torre de Pedra;2019;2393;1478;62.04;100;99.21
3554706;Torrinha;2019;9061;8858;98.31;100;90.52
3554755;Trabiju;2019;1724;1724;80.03;100;100
3554805;Tremembé;2019;47185;42919;83.44;100;100
3554904;Três Fronteiras;2019;5807;5740;100;100;100
3554953;Tuiuti;2019;5310;2271;60;0;77.02
3555000;Tupã;2019;65524;65219;98.21;100;100
3555109;Tupi Paulista;2019;15495;15495;97.44;100;100
3555208;Turiúba;2019;1623;1592;100;100;80.51
3555307;Turmalina;2019;1648;1614;100;100;95.43
3555356;Ubarana;2019;6309;6309;70;100;100
3555406;Ubatuba;2019;68209;30344;39.52;100;75.12
3555505;Ubirajara;2019;3667;3559;98.78;100;76.72
3555604;Uchoa;2019;;;;;
3555703;União Paulista;2019;1427;1404;100;100;77.39
3555802;Urânia;2019;8667;8624;100;100;95.1
3555901;Uru;2019;1165;1164;100;100;100
3556008;Urupês;2019;12215;12215;100;97.95;88.46
3556107;Valentim Gentil;2019;13326;13317;100;100;100
3556206;Valinhos;2019;120483;115737;92.31;100;93.26
3556305;Valparaíso;2019;26480;26480;80;100;100
3556354;Vargem;2019;5243;3389;52.87;97.56;49.76
3556404;Vargem Grande do Sul;2019;42845;42845;93.01;95;100
3556453;Vargem Grande Paulista;2019;50048;18290;26.41;31.96;95.15
3556503;Várzea Paulista;2019;116066;111276;99.23;100;95.26
3556602;Vera Cruz;2019;;;;;
3556701;Vinhedo;2019;72443;64817;85;99.71;92.02
3556800;Viradouro;2019;18372;18372;99.01;100;97.22
3556909;Vista Alegre do Alto;2019;7957;7537;95.84;100;90.32
3556958;Vitória Brasil;2019;1726;1729;100;100;93.8
3557006;Votorantim;2019;117809;116985;79.63;94.6;96.19
3557105;Votuporanga;2019;94547;94547;79.97;100;100
3557154;Zacarias;2019;2366;2347;100;100;87.05
